,City,Country,Lat,Lng,Max Temp,Humidity,Cloudiness,Wind Speed,Current Description
0,Asnaes,DK,55.8123,11.5013,34.05,91,99,1.99,overcast clouds
1,Dolores,AR,-36.3132,-57.6792,63.19,47,35,8.59,scattered clouds
2,Port Hedland,AU,-20.3167,118.5667,82.45,89,100,4.61,overcast clouds
3,Tual,ID,-5.6667,132.75,83.91,74,100,20.29,overcast clouds
4,Te Anau,NZ,-45.4167,167.7167,70.72,48,87,2.04,overcast clouds
5,Bandar-E Lengeh,IR,26.5579,54.8807,69.19,59,0,2.04,clear sky
6,Cape Town,ZA,-33.9258,18.4232,75.11,81,0,1.01,clear sky
7,Arraial Do Cabo,BR,-22.9661,-42.0278,76.96,86,100,6.22,overcast clouds
8,Romny,UA,50.751,33.4747,26.98,96,97,12.93,light snow
9,Yellowknife,CA,62.456,-114.3525,-7.58,78,20,9.22,few clouds
10,Mataura,NZ,-46.1927,168.8643,74.48,54,63,2.15,broken clouds
11,Sal Rei,CV,16.1833,-22.9167,70.36,77,100,10.31,overcast clouds
12,Ushuaia,AR,-54.8,-68.3,42.46,81,40,32.21,scattered clouds
13,Lavrentiya,RU,65.5833,-171.0,-0.42,83,56,11.65,broken clouds
14,Ghanzi,BW,-21.5667,21.7833,68.13,87,44,8.5,scattered clouds
15,Lebu,CL,-37.6167,-73.65,59.4,72,0,17.98,clear sky
16,Katsuura,JP,35.1333,140.3,41.18,44,87,5.21,overcast clouds
17,Rikitea,PF,-23.1203,-134.9692,77.7,66,68,3.69,broken clouds
18,Collie,AU,-33.3667,116.15,57.97,57,56,11.95,broken clouds
19,Marquette,US,46.5333,-87.6335,26.82,69,92,15.01,overcast clouds
20,Atuona,PF,-9.8,-139.0333,78.51,75,16,19.19,few clouds
21,Novikovo,RU,51.1537,37.8879,27.37,92,99,13.85,overcast clouds
22,Burnie,AU,-41.0667,145.9167,74.91,57,68,12.53,broken clouds
23,Hilo,US,19.7297,-155.09,80.26,67,32,4.0,scattered clouds
24,Hobart,AU,-42.8794,147.3294,80.02,66,20,1.01,few clouds
25,Rantepao,ID,-2.9701,119.8978,65.7,90,59,2.64,moderate rain
26,Cabo San Lucas,MX,22.8909,-109.9124,77.61,60,1,5.01,clear sky
27,Punta Arenas,CL,-53.15,-70.9167,46.51,81,40,32.21,light rain
28,Staryy Oskol,RU,51.2967,37.8417,27.19,92,99,13.38,light snow
29,Kununurra,AU,-15.7667,128.7333,80.58,83,40,12.66,scattered clouds
30,Huarmey,PE,-10.0681,-78.1522,73.58,78,94,9.55,overcast clouds
31,Aquin,HT,18.2833,-73.4,75.72,79,35,6.53,scattered clouds
32,Jamestown,US,42.097,-79.2353,22.51,89,43,2.62,scattered clouds
33,Ancud,CL,-41.8697,-73.8203,62.42,72,2,8.61,clear sky
34,Bushenyi,UG,-0.5853,30.2114,61.7,81,100,2.71,overcast clouds
35,Kahului,US,20.8947,-156.47,78.96,73,78,7.0,broken clouds
36,Kondopoga,RU,62.2057,34.2614,14.83,96,100,5.35,overcast clouds
37,Isla Vista,US,34.4133,-119.861,65.68,67,0,0.0,haze
38,Hithadhoo,MV,-0.6,73.0833,82.2,74,22,9.35,few clouds
39,Busselton,AU,-33.65,115.3333,60.08,59,20,15.5,few clouds
40,Bluff,NZ,-46.6,168.3333,73.8,79,28,2.06,scattered clouds
41,Tuktoyaktuk,CA,69.4541,-133.0374,-9.49,99,100,6.62,overcast clouds
42,Saskylakh,RU,71.9167,114.0833,-28.75,100,88,2.17,overcast clouds
43,Provideniya,RU,64.3833,-173.3,8.71,61,40,20.13,scattered clouds
44,Bethel,US,41.3712,-73.414,25.66,90,65,0.74,broken clouds
45,Tukan,RU,53.8409,57.4552,17.17,96,100,6.24,overcast clouds
46,Antofagasta,CL,-23.65,-70.4,69.08,74,1,6.87,clear sky
47,Hohhot,CN,40.8106,111.6522,5.41,65,2,3.69,clear sky
48,Vaini,TO,-21.2,-175.2,84.36,79,40,8.05,scattered clouds
49,Mar Del Plata,AR,-38.0023,-57.5575,64.87,56,66,4.0,broken clouds
50,Grand-Santi,GF,4.25,-54.3833,72.45,99,100,2.93,overcast clouds
51,Tiksi,RU,71.6872,128.8694,-10.75,99,100,6.67,overcast clouds
52,Longyearbyen,SJ,78.2186,15.6401,12.04,67,20,6.91,few clouds
53,Vardo,NO,70.3705,31.1107,5.2,81,59,8.55,broken clouds
54,Klodzko,PL,50.4349,16.6614,32.32,98,78,2.66,broken clouds
55,Alofi,NU,-19.0595,-169.9187,78.51,70,17,7.16,few clouds
56,Guerrero Negro,MX,27.9769,-114.0611,67.17,44,5,11.52,clear sky
57,Bandar,ID,2.05,99.75,72.32,95,42,1.88,scattered clouds
58,Wick,GB,58.4333,-3.0833,41.05,93,100,12.66,overcast clouds
59,Khuzhir,RU,53.1939,107.3397,-1.07,95,89,2.08,overcast clouds
60,Jaru,BR,-10.4389,-62.4664,71.73,99,100,3.58,overcast clouds
61,Pevek,RU,69.7008,170.3133,-14.94,95,100,1.23,overcast clouds
62,Padang,ID,-0.9492,100.3543,77.05,88,62,3.18,broken clouds
63,Itaituba,BR,-4.2761,-55.9836,74.8,95,98,1.52,overcast clouds
64,Point Pedro,LK,9.8167,80.2333,76.98,74,0,10.49,clear sky
65,Gravdal,NO,68.1214,13.5031,30.52,66,100,10.02,overcast clouds
66,Albany,US,42.6001,-73.9662,22.15,59,7,1.39,clear sky
67,Barrow,US,71.2906,-156.7887,-12.98,77,0,11.5,clear sky
68,Saint-Pierre,RE,-21.3393,55.4781,78.48,78,75,13.8,broken clouds
69,Balabac,PH,7.9868,117.0645,81.0,79,85,13.02,overcast clouds
70,Vao,NC,-22.6667,167.4833,77.68,85,100,9.62,overcast clouds
71,Pierre,US,44.3683,-100.351,47.28,49,41,7.0,scattered clouds
72,Avarua,CK,-21.2078,-159.775,73.45,94,75,8.05,moderate rain
73,Gold Coast,AU,-28.0,153.4333,87.39,77,81,5.99,broken clouds
74,Yumen,CN,40.2833,97.2,14.74,30,97,5.66,overcast clouds
75,Floro,NO,61.5996,5.0328,31.96,93,100,6.91,overcast clouds
76,Flinders,AU,-34.5833,150.8552,85.05,75,11,7.0,few clouds
77,Chernyshevskiy,RU,63.0128,112.4714,-21.06,100,89,1.99,overcast clouds
78,Kaputa,ZM,-8.4689,29.6619,66.04,91,94,4.14,overcast clouds
79,Butembo,CD,0.15,29.2833,60.48,59,100,3.13,overcast clouds
80,Castro,BR,-24.7911,-50.0119,65.37,87,9,3.6,clear sky
81,Carlyle,US,38.6103,-89.3726,46.67,64,80,8.66,broken clouds
82,Husavik,IS,66.0449,-17.3389,20.88,94,100,7.72,snow
83,Hitachi,JP,36.6,140.65,36.55,48,0,5.35,clear sky
84,Bredasdorp,ZA,-34.5322,20.0403,74.28,93,63,4.97,broken clouds
85,Zhangjiakou,CN,40.81,114.8794,5.97,64,3,5.01,light snow
86,Marovoay,MG,-16.1,46.6333,76.32,90,56,2.82,broken clouds
87,Leningradskiy,RU,69.3833,178.4167,-17.34,95,36,9.28,scattered clouds
88,Geraldton,AU,-28.7667,114.6,69.13,64,8,13.8,clear sky
89,Kapaa,US,22.0752,-159.319,75.18,71,100,1.01,overcast clouds
90,Umba,RU,66.6871,34.3429,4.05,98,100,4.92,overcast clouds
91,Kyra,RU,49.5776,111.9753,-12.55,94,59,4.29,broken clouds
92,East London,ZA,-33.0153,27.9116,76.98,78,100,2.35,overcast clouds
93,Khatanga,RU,71.9667,102.5,-28.89,100,47,2.77,scattered clouds
94,Acarau,BR,-2.8856,-40.12,80.19,81,36,15.73,scattered clouds
95,Fort Saint James,CA,54.4333,-124.25,18.46,89,100,2.17,overcast clouds
96,Tianmen,CN,30.6516,113.1603,36.91,65,98,7.38,overcast clouds
97,Sao Joao Da Barra,BR,-21.6403,-41.0511,78.89,89,98,4.9,moderate rain
98,Klimovo,RU,52.3805,32.1923,25.29,95,100,12.15,light snow
99,Bemidji,US,47.4736,-94.8803,26.64,77,0,9.22,clear sky
100,Menongue,AO,-14.6585,17.691,64.76,57,100,3.42,overcast clouds
101,Kodiak,US,57.79,-152.4072,29.71,69,100,4.61,overcast clouds
102,Havelock,US,34.8791,-76.9013,49.98,59,79,6.55,broken clouds
103,Faanui,PF,-16.4833,-151.75,81.45,72,5,19.13,clear sky
104,Yinchuan,CN,38.4681,106.2731,17.74,25,80,4.16,broken clouds
105,Qaanaaq,GL,77.484,-69.3632,-22.59,51,0,10.22,clear sky
106,San Juan,AR,-31.5375,-68.5364,88.14,21,0,3.85,clear sky
107,Puksoozero,RU,62.5903,40.6066,7.63,96,100,6.89,overcast clouds
108,Sitka,US,57.0531,-135.33,35.49,80,75,3.44,broken clouds
109,Aktau,KZ,43.65,51.2,30.78,85,94,10.04,overcast clouds
110,Coquimbo,CL,-29.9533,-71.3436,66.13,75,68,5.82,broken clouds
111,Kaka,TM,37.3482,59.6143,43.27,40,16,5.26,few clouds
112,Kozan,TR,37.4552,35.8157,43.7,93,100,6.87,light rain
113,Malanje,AO,-9.5402,16.341,63.68,98,100,3.94,overcast clouds
114,Palmer,US,42.1584,-72.3287,21.81,71,53,1.97,broken clouds
115,Joao Pinheiro,BR,-17.7425,-46.1725,70.45,88,100,1.7,overcast clouds
116,Mahebourg,MU,-20.4081,57.7,80.26,75,37,24.27,scattered clouds
117,Kavieng,PG,-2.5744,150.7967,80.89,79,100,8.43,moderate rain
118,Pemberton,CA,50.3164,-122.8027,35.8,84,75,0.74,broken clouds
119,Natal,BR,-5.795,-35.2094,80.35,73,39,10.13,scattered clouds
120,Damavand,IR,35.7178,52.065,35.44,45,100,3.91,overcast clouds
121,Puerto Ayora,EC,-0.7393,-90.3518,75.54,92,63,1.99,broken clouds
122,Altay,CN,47.8667,88.1167,7.27,63,86,5.1,overcast clouds
123,Ewa Beach,US,21.3156,-158.0072,80.6,57,98,8.99,overcast clouds
124,Chokurdakh,RU,70.6333,147.9167,-13.61,94,100,1.97,overcast clouds
125,Hermanus,ZA,-34.4187,19.2345,74.89,85,12,8.61,few clouds
126,Beloha,MG,-25.1667,45.05,72.25,81,13,14.25,few clouds
127,Airai,TL,-8.9266,125.4092,63.61,81,82,4.81,broken clouds
128,Salalah,OM,17.0151,54.0924,68.09,77,0,3.44,clear sky
129,Ormara,PK,25.2088,64.6357,73.49,42,0,7.87,clear sky
130,Kabompo,ZM,-13.5927,24.2008,64.42,98,100,1.9,light rain
131,Flin Flon,CA,54.7682,-101.865,7.27,93,100,13.18,light snow
132,Ayan,RU,56.45,138.1667,-0.4,69,100,15.66,overcast clouds
133,Caravelas,BR,-17.7125,-39.2481,79.56,84,1,10.09,clear sky
134,New Norfolk,AU,-42.7826,147.0587,81.66,52,25,1.01,scattered clouds
135,Chuy,UY,-33.6971,-53.4616,65.08,61,31,11.52,scattered clouds
136,Aklavik,CA,68.2191,-135.0107,1.27,87,100,13.82,overcast clouds
137,Cabadiangan,PH,9.7531,122.4739,76.44,87,98,4.72,overcast clouds
138,Lompoc,US,34.6391,-120.4579,65.21,70,100,15.01,overcast clouds
139,Zaraza,VE,9.3503,-65.3245,78.22,65,43,11.34,scattered clouds
140,Alphen,NL,51.8233,5.4708,40.96,85,48,5.01,scattered clouds
141,Santa Rosalia,MX,27.3167,-112.2833,65.77,32,54,6.15,broken clouds
142,Asheville,US,35.6009,-82.554,44.38,74,40,2.04,scattered clouds
143,Eureka,US,40.8021,-124.1637,56.75,69,81,10.0,broken clouds
144,Talnakh,RU,69.4865,88.3972,6.21,95,100,8.75,overcast clouds
145,Mount Isa,AU,-20.7333,139.5,82.17,83,95,10.36,overcast clouds
146,Komsomolskiy,UZ,40.4272,71.7189,29.62,53,98,3.09,overcast clouds
147,Upernavik,GL,72.7868,-56.1549,-19.8,99,92,6.4,overcast clouds
148,Cherskiy,RU,68.75,161.3,-11.0,92,100,4.54,overcast clouds
149,Holboca,RO,47.15,27.7,29.12,79,0,1.99,clear sky
150,Tautira,PF,-17.7333,-149.15,87.82,78,33,20.0,light rain
151,Cidreira,BR,-30.1811,-50.2056,73.83,84,28,6.96,scattered clouds
152,Merta,IN,26.65,74.0333,60.85,58,0,5.57,clear sky
153,Sorland,NO,67.667,12.6934,34.36,56,100,9.57,overcast clouds
154,Doka,SD,13.5167,35.7667,68.81,18,4,13.44,clear sky
155,Port Elizabeth,ZA,-33.918,25.5701,73.09,96,100,6.2,overcast clouds
156,Severo-Kurilsk,RU,50.6789,156.125,28.85,76,100,20.02,light snow
157,Vila Franca Do Campo,PT,37.7167,-25.4333,60.19,81,67,15.23,broken clouds
158,Manga,BF,11.6636,-1.0731,74.37,14,14,10.36,few clouds
159,Ilulissat,GL,69.2167,-51.1,8.62,66,40,13.8,light shower snow
160,Nemuro,JP,43.3236,145.575,22.08,71,30,20.62,scattered clouds
161,Mount Hagen,PG,-5.8581,144.2274,61.48,94,100,4.36,overcast clouds
162,Port-Gentil,GA,-0.7193,8.7815,80.89,79,48,8.66,light rain
163,Sliema,MT,35.9125,14.5019,57.96,72,0,16.11,clear sky
164,Tasiilaq,GL,65.6145,-37.6368,8.76,98,99,4.61,overcast clouds
165,Mount Gambier,AU,-37.8333,140.7667,64.31,55,75,19.57,broken clouds
166,Torbay,CA,47.6666,-52.7314,32.4,76,34,5.01,scattered clouds
167,Chirongui,YT,-12.9319,45.1483,80.53,77,94,9.31,overcast clouds
168,Paamiut,GL,61.994,-49.6678,21.33,85,100,17.83,light snow
169,Kavaratti,IN,10.5669,72.642,80.17,73,1,10.96,clear sky
170,Thompson,CA,55.7435,-97.8558,5.25,95,100,6.98,light snow
171,Kaitangata,NZ,-46.2817,169.8464,70.93,73,59,4.65,broken clouds
172,Dikson,RU,73.5069,80.5464,-3.35,91,100,17.96,overcast clouds
173,College,US,64.8569,-147.8028,-2.09,72,0,0.0,clear sky
174,Butaritari,KI,3.0707,172.7902,81.3,79,93,13.02,light rain
175,Carberry,CA,49.8689,-99.3602,23.23,97,100,8.46,snow
176,Thongwa,MM,16.7619,96.5278,64.56,60,49,3.0,scattered clouds
177,Port Alfred,ZA,-33.5906,26.891,75.22,95,100,5.48,overcast clouds
178,Macenta,GN,8.5435,-9.471,71.96,19,41,3.38,scattered clouds
179,Baghdad,IQ,33.3406,44.4009,50.52,74,100,7.96,overcast clouds
180,Taraz,KZ,42.9,71.3667,30.27,86,75,4.47,broken clouds
181,Olga,RU,43.7444,135.2892,7.27,72,0,6.58,clear sky
182,Buala,SB,-8.145,159.5921,83.79,71,97,4.09,overcast clouds
183,Gornopravdinsk,RU,60.05,69.9,5.99,97,100,3.49,overcast clouds
184,Umm Kaddadah,SD,13.6017,26.6876,55.85,25,21,14.56,few clouds
185,Wenling,CN,28.3669,121.36,44.91,79,100,9.71,light rain
186,Saint-Augustin,CA,51.226,-58.6502,1.98,97,82,5.48,broken clouds
187,Esperance,AU,-33.8667,121.9,61.93,59,89,16.73,overcast clouds
188,Devils Lake,US,48.1128,-98.8651,33.94,88,100,8.99,moderate rain
189,Aswan,EG,24.0934,32.907,52.25,55,0,8.03,clear sky
190,Stephenville Crossing,CA,48.5,-58.4318,21.22,76,100,18.95,overcast clouds
191,Samarai,PG,-10.6167,150.6667,83.75,69,100,12.53,overcast clouds
192,Nayudupeta,IN,13.9,79.9,69.55,89,11,3.74,few clouds
193,Kampot,KH,10.6167,104.1833,77.05,84,25,3.4,scattered clouds
194,Necochea,AR,-38.5473,-58.7368,64.04,49,71,3.36,broken clouds
195,Moerai,PF,-22.4333,-151.3333,80.26,78,62,18.81,broken clouds
196,Christiana,ZA,-27.914,25.1611,64.89,87,100,7.96,overcast clouds
197,Wajima,JP,37.4,136.9,36.3,63,93,4.07,overcast clouds
198,Taltal,CL,-25.4,-70.4833,67.6,71,3,6.58,clear sky
199,Urubicha,BO,-15.3833,-62.95,72.72,99,85,4.0,overcast clouds
200,Olafsvik,IS,64.8945,-23.7142,27.45,87,86,27.6,overcast clouds
201,Ibipeba,BR,-11.6408,-42.0111,74.08,75,95,6.29,overcast clouds
202,Dorado,PR,18.4588,-66.2677,79.86,90,75,6.91,broken clouds
203,Portland,US,45.5234,-122.6762,49.48,78,100,3.0,overcast clouds
204,Tayginka,RU,55.6244,60.5076,8.98,99,97,2.44,overcast clouds
205,San Policarpo,PH,12.1791,125.5072,78.85,82,65,9.62,broken clouds
206,Hambantota,LK,6.1241,81.1185,75.09,81,4,13.89,clear sky
207,Revuca,SK,48.6835,20.1173,32.74,95,100,1.99,overcast clouds
208,Westport,US,41.1415,-73.3579,27.75,58,68,2.28,broken clouds
209,Muros,ES,42.7762,-9.0603,52.09,75,6,15.77,clear sky
210,Sept-Iles,CA,50.2001,-66.3821,7.05,60,49,7.0,scattered clouds
211,Puerto Leguizamo,CO,-0.1934,-74.7819,81.0,53,100,1.99,overcast clouds
212,Pionerskiy,RU,54.9508,20.2275,33.64,59,99,20.62,overcast clouds
213,Sinnamary,GF,5.3833,-52.95,76.8,86,100,10.11,overcast clouds
214,Dhidhdhoo,MV,6.8833,73.1,81.37,73,2,10.49,clear sky
215,Holice,CZ,50.066,15.9859,35.2,92,100,1.01,overcast clouds
216,Ninh Binh,VN,20.2539,105.975,52.97,79,100,7.38,overcast clouds
217,Shingu,JP,33.7333,135.9833,40.19,63,7,5.73,clear sky
218,Kalemie,CD,-5.9475,29.1947,68.38,91,91,5.59,light rain
219,Hirado,JP,33.3597,129.5531,42.39,72,96,21.7,overcast clouds
220,Nikolskoye,RU,59.7035,30.7861,26.4,96,100,5.08,snow
221,San Quintin,MX,30.4833,-115.95,63.59,56,78,12.88,broken clouds
222,Kutum,SD,14.2,24.6667,50.81,25,0,9.6,clear sky
223,Byron Bay,AU,-28.65,153.6167,86.05,70,37,1.72,scattered clouds
224,Mehamn,NO,71.0357,27.8492,19.9,89,95,8.34,overcast clouds
225,Kerteminde,DK,55.449,10.6577,33.35,95,99,16.73,overcast clouds
226,Karratha,AU,-20.7377,116.8463,83.43,78,90,9.48,light rain
227,Tevaitoa,PF,-16.7833,-151.5,81.1,73,5,20.87,clear sky
228,Anadyr,RU,64.75,177.4833,-6.54,91,100,1.23,overcast clouds
229,Krasnoturinsk,RU,59.7666,60.2086,-4.85,100,98,1.61,overcast clouds
230,Khalkhal,IR,37.6189,48.5258,19.94,73,100,2.73,overcast clouds
231,Miyako,JP,39.6367,141.9525,26.04,52,2,4.68,clear sky
232,Arman,RU,59.7,150.1667,1.35,79,87,14.27,overcast clouds
233,Ostrovnoy,RU,68.0531,39.5131,12.15,96,99,5.7,overcast clouds
234,Ashqelon,IL,31.6693,34.5715,53.4,78,62,9.46,broken clouds
235,Sobradinho,BR,-12.8333,-39.1,76.24,82,4,5.61,clear sky
236,Bahia Blanca,AR,-38.7196,-62.2724,76.28,19,41,4.27,scattered clouds
237,Sakakah,SA,29.9697,40.2064,46.13,54,2,10.87,clear sky
238,Abu Samrah,SY,35.3029,37.1841,41.92,86,62,1.79,broken clouds
239,Cabedelo,BR,-6.9811,-34.8339,80.65,74,20,10.96,few clouds
240,Deputatskiy,RU,69.3,139.9,-26.52,100,58,3.38,broken clouds
241,Eenhana,NA,-17.4667,16.3333,69.48,46,100,6.46,overcast clouds
242,Shahr-E Babak,IR,30.1165,55.1186,43.39,66,1,12.17,clear sky
243,Carupano,VE,10.6678,-63.2585,76.51,82,36,10.94,scattered clouds
244,La Rioja,ES,42.25,-2.5,40.32,96,100,11.32,overcast clouds
245,Newala,TZ,-10.9431,39.2787,66.33,99,47,3.38,scattered clouds
246,Saint-Imier,CH,47.1528,6.9969,32.45,93,75,4.61,light snow
247,Luzon,PH,6.519,126.0941,79.03,81,100,7.25,overcast clouds
248,Saint-Philippe,RE,-21.3585,55.7679,78.39,80,98,14.23,overcast clouds
249,Oranjemund,NA,-28.55,16.4333,67.28,83,0,5.75,clear sky
250,Maiduguri,NG,11.8464,13.1603,61.88,30,0,9.06,clear sky
251,Nishihara,JP,26.1842,127.7558,60.08,67,75,9.22,broken clouds
252,Fortuna,US,40.5982,-124.1573,56.48,71,0,5.01,clear sky
253,Karatau,KZ,43.1667,70.4667,26.22,77,46,2.95,scattered clouds
254,Ailigandi,PA,9.2333,-78.0167,78.55,75,15,11.1,few clouds
255,Ancona,IT,43.55,13.1667,44.38,70,0,1.01,clear sky
256,Vichuga,RU,57.2128,41.9301,25.2,96,100,9.6,snow
257,Grindavik,IS,63.8424,-22.4338,39.67,93,75,24.16,broken clouds
258,Henties Bay,NA,-22.116,14.2845,69.85,79,100,5.61,overcast clouds
259,Roald,NO,62.5833,6.1333,32.0,93,75,6.91,broken clouds
260,Kabanjahe,ID,3.1001,98.4908,63.41,94,89,0.92,overcast clouds
261,Esil,KZ,51.9556,66.4042,22.28,95,100,15.14,snow
262,San Cristobal,VE,7.7669,-72.225,71.08,73,78,3.04,broken clouds
263,Bardiyah,LY,31.7561,25.0865,55.74,69,30,9.75,scattered clouds
264,Rawson,AR,-43.3002,-65.1023,77.94,22,49,11.61,scattered clouds
265,Hachinohe,JP,40.5,141.5,22.82,78,11,9.17,few clouds
266,Babu,CN,24.4167,111.5167,41.9,93,100,5.14,overcast clouds
267,Zambezi,ZM,-13.5432,23.1047,64.18,97,96,5.08,light rain
268,Klaksvik,FO,62.2266,-6.589,47.32,87,100,34.92,overcast clouds
269,Vila Velha,BR,-20.3297,-40.2925,79.95,80,75,1.99,light rain
270,Kudahuvadhoo,MV,2.6708,72.8944,82.58,76,20,11.9,few clouds
271,Sokoni,TZ,-6.4333,39.55,79.99,76,24,9.1,few clouds
272,Balikpapan,ID,-1.2675,116.8289,76.19,94,40,3.44,scattered clouds
273,Polunochnoye,RU,60.8697,60.4153,-11.6,100,78,1.21,broken clouds
274,Sambava,MG,-14.2667,50.1667,76.03,88,99,8.16,overcast clouds
275,Hays,US,30.0502,-98.0336,58.21,81,100,1.99,overcast clouds
276,Havoysund,NO,70.9963,24.6622,23.88,70,100,8.7,overcast clouds
277,Ahuimanu,US,21.4447,-157.8378,80.31,62,40,1.99,scattered clouds
278,El Tigre,VE,8.8875,-64.2454,81.93,50,100,14.23,overcast clouds
279,Zhigansk,RU,66.7697,123.3711,-31.14,99,88,7.27,overcast clouds
280,Itarema,BR,-2.9248,-39.9167,79.97,81,31,14.52,scattered clouds
281,Gazli,UZ,40.1333,63.45,37.13,68,0,9.69,clear sky
282,Georgetown,MY,5.4112,100.3354,79.9,81,20,8.05,few clouds
283,Sile,TR,41.1754,29.6133,39.87,58,22,8.48,few clouds
284,Akyab,MM,20.15,92.9,59.16,60,18,6.29,few clouds
285,Sao Filipe,CV,14.8961,-24.4956,74.46,70,100,7.74,overcast clouds
286,Guiratinga,BR,-16.3494,-53.7583,69.58,96,99,3.76,moderate rain
287,Simao,CN,22.7886,100.9748,44.24,93,0,2.91,clear sky
288,Naze,JP,28.3667,129.4833,53.1,64,61,6.55,broken clouds
289,Sovetskiy,RU,61.3614,63.5842,-0.81,98,99,2.1,overcast clouds
290,Greenwood,US,34.1668,-82.1165,53.1,35,0,3.44,clear sky
291,Port Augusta,AU,-32.5,137.7667,72.72,73,100,19.95,overcast clouds
292,Kapit,MY,2.0167,112.9333,71.83,99,99,1.7,overcast clouds
293,Namibe,AO,-15.1961,12.1522,72.28,73,96,8.25,overcast clouds
294,Bambous Virieux,MU,-20.3428,57.7575,80.22,75,33,24.49,scattered clouds
295,Mattru,SL,7.6244,-11.8332,73.24,93,41,1.39,scattered clouds
296,Victoria,HK,22.2855,114.1577,58.95,91,99,7.0,overcast clouds
297,Ouesso,CG,1.6136,16.0517,71.82,29,100,0.63,overcast clouds
298,Carnarvon,AU,-24.8667,113.6333,79.02,71,0,19.08,clear sky
299,Clyde River,CA,70.4692,-68.5914,-29.25,82,71,5.44,broken clouds
300,Victor Harbor,AU,-35.5667,138.6167,71.8,68,63,3.0,broken clouds
301,Bembereke,BJ,10.2283,2.6634,71.65,13,96,7.65,overcast clouds
302,Shahganj,IN,26.05,82.6833,51.89,70,0,4.32,clear sky
303,Bukachacha,RU,52.9833,116.9167,-17.43,98,14,3.67,few clouds
304,Bugojno,BA,44.0572,17.4508,32.68,98,100,4.76,light snow
305,Easton,US,40.6884,-75.2207,27.32,65,0,4.61,clear sky
306,Boyuibe,BO,-20.4167,-63.2833,78.71,55,91,2.46,overcast clouds
307,Greytown,ZA,-29.0642,30.5928,63.57,97,95,1.1,overcast clouds
308,Palaikastron,GR,35.2,26.25,49.75,71,17,8.12,few clouds
309,Amapa,BR,1.0,-52.0,71.91,99,100,2.53,overcast clouds
310,Manadhoo,MV,5.7667,73.3833,82.18,74,3,13.11,clear sky
311,Ginir,ET,7.1333,40.7,57.69,17,100,3.69,overcast clouds
312,Kodinar,IN,20.7903,70.7031,65.64,77,0,8.55,clear sky
313,Port Macquarie,AU,-31.4333,152.9167,82.89,69,10,1.5,clear sky
314,Paso De Los Toros,UY,-32.8167,-56.5167,69.19,47,1,15.26,clear sky
315,Dingle,PH,10.9995,122.6711,75.76,91,100,7.67,overcast clouds
316,Touros,BR,-5.1989,-35.4608,79.7,72,57,13.27,broken clouds
317,North Bend,US,43.4065,-124.2243,48.85,93,40,4.61,scattered clouds
318,Krasnoselkup,RU,65.7,82.4667,8.46,96,100,9.48,overcast clouds
319,Bengkulu,ID,-3.8004,102.2655,75.25,87,100,3.74,overcast clouds
320,San Nicolas,PH,18.1725,120.5953,72.5,80,9,7.36,clear sky
321,Alcaniz,ES,41.05,-0.1333,50.43,66,30,31.43,scattered clouds
322,Raton,US,36.9034,-104.4391,61.41,4,0,19.57,clear sky
323,Rincon,US,32.296,-81.2354,62.78,46,75,3.44,broken clouds
324,Pisco,PE,-13.7,-76.2167,72.01,84,29,8.43,scattered clouds
325,Flekkefjord,NO,58.2971,6.6607,37.06,69,100,11.23,overcast clouds
326,Chicama,PE,-7.8447,-79.1469,66.74,68,38,8.37,scattered clouds
327,Panguipulli,CL,-39.6333,-72.3333,65.91,47,0,3.58,clear sky
328,Tateyama,JP,34.9833,139.8667,41.09,52,92,9.6,overcast clouds
329,Vestmanna,FO,62.1564,-7.1664,45.52,81,100,28.77,overcast clouds
330,Pontianak,ID,-0.0333,109.3333,71.58,94,40,0.0,mist
331,Saint George,US,37.1041,-113.5841,63.07,17,0,3.0,clear sky
332,Ribeira Grande,PT,38.5167,-28.7,60.01,74,15,15.14,few clouds
333,Tsiroanomandidy,MG,-18.7667,46.0333,66.34,82,21,0.4,few clouds
334,Tazovskiy,RU,67.4667,78.7,2.05,97,100,5.41,overcast clouds
335,Port Hardy,CA,50.6996,-127.4199,46.76,72,44,13.11,scattered clouds
336,Jalu,LY,29.0331,21.5482,54.28,64,48,8.46,scattered clouds
337,Ust-Maya,RU,60.4167,134.5333,-15.38,99,100,1.5,overcast clouds
338,Pimentel,PE,-6.8367,-79.9342,73.69,68,0,18.41,clear sky
339,Morehead,US,37.2711,-87.1764,46.15,39,0,0.0,clear sky
340,Poum,NC,-20.2333,164.0167,81.16,73,97,11.95,overcast clouds
341,Poya,NC,-21.35,165.15,83.82,65,100,4.7,overcast clouds
342,Lagoa,PT,39.05,-27.9833,58.69,78,27,23.98,scattered clouds
343,Pandan,PH,14.0453,124.1694,77.49,85,77,16.24,broken clouds
344,San Andres,CO,12.5847,-81.7006,77.74,76,31,18.37,scattered clouds
345,El Vendrell,ES,41.2167,1.5333,53.85,71,7,1.01,clear sky
346,Hami,CN,42.8,93.45,20.46,38,0,3.29,clear sky
347,Los Llanos De Aridane,ES,28.6585,-17.9182,56.95,61,0,5.99,clear sky
348,Adrar,MR,20.5022,-10.0711,73.58,14,100,10.74,overcast clouds
349,Urucara,BR,-2.5364,-57.76,75.52,93,57,1.86,broken clouds
350,Estelle,US,29.8458,-90.1067,65.05,61,75,9.22,broken clouds
351,Souillac,MU,-20.5167,57.5167,80.37,77,70,23.42,broken clouds
352,Xinzhi,CN,36.4989,111.7047,22.42,50,1,4.18,clear sky
353,Vanimo,PG,-2.6741,141.3028,78.17,77,100,5.21,overcast clouds
354,Faya,SA,18.3851,42.4509,52.32,80,3,6.51,clear sky
355,Vredendal,ZA,-31.6683,18.5012,76.84,49,30,4.27,scattered clouds
356,Kahama,TZ,-3.8333,32.6,62.78,95,100,3.29,overcast clouds
357,Broken Hill,AU,-31.95,141.4333,77.18,65,100,8.59,light rain
358,Fort Nelson,CA,58.8053,-122.7002,0.34,85,100,0.78,overcast clouds
359,Taoudenni,ML,22.6783,-3.9836,69.35,8,70,13.53,broken clouds
360,Vestmannaeyjar,IS,63.4427,-20.2734,41.76,78,100,32.28,overcast clouds
361,Kloulklubed,PW,7.0419,134.2556,81.1,73,100,20.6,overcast clouds
362,Akonolinga,CM,3.7667,12.25,66.63,32,97,3.29,overcast clouds
363,Camana,PE,-16.6228,-72.7111,72.43,74,69,6.15,broken clouds
364,Menzelinsk,RU,55.7271,53.1026,29.44,95,100,14.36,snow
365,Iqaluit,CA,63.7506,-68.5145,-31.31,73,86,5.01,overcast clouds
366,Avera,US,33.194,-82.5271,56.71,49,97,5.84,overcast clouds
367,Baykit,RU,61.67,96.37,-3.32,100,100,0.76,overcast clouds
368,Balaka,MW,-14.9793,34.9558,69.21,93,45,2.59,scattered clouds
369,Road Town,VG,18.4167,-64.6167,78.84,73,20,3.44,few clouds
370,Azul,AR,-36.777,-59.8585,62.91,40,85,2.33,overcast clouds
371,Nadym,RU,65.5333,72.5167,-18.11,100,100,5.61,overcast clouds
372,Ustynivka,UA,47.9551,32.5367,26.8,90,29,6.98,scattered clouds
373,Fonte Boa,BR,-2.4959,-66.2662,80.13,73,81,2.75,broken clouds
374,Barcelos,PT,41.5388,-8.6151,50.85,77,1,7.02,clear sky
375,Marechal Candido Rondon,BR,-24.5561,-54.0567,79.25,63,69,5.01,broken clouds
376,Port Blair,IN,11.6667,92.75,72.64,76,44,6.42,scattered clouds
377,Yerbabuena,MX,20.9667,-101.2667,76.05,18,0,22.95,clear sky
378,Nouadhibou,MR,20.931,-17.0347,66.31,77,100,15.73,overcast clouds
379,Labuhan,ID,-6.8844,112.2051,77.65,87,100,5.39,overcast clouds
380,Libreville,GA,0.3925,9.4537,79.65,82,98,7.09,overcast clouds
381,Valparaiso,CL,-33.0393,-71.6273,67.48,77,0,6.91,clear sky
382,Morden,CA,49.1919,-98.1014,34.18,90,100,13.27,overcast clouds
383,Codrington,AU,-38.2667,141.9667,62.65,70,61,19.19,broken clouds
384,Citta Di Castello,IT,43.4691,12.2305,43.29,79,56,6.24,broken clouds
385,Kaele,CM,10.1092,14.4508,68.41,16,7,10.2,clear sky
386,Novopokrovka,UA,49.8425,36.5477,30.58,94,100,12.3,snow
387,Srednekolymsk,RU,67.45,153.6833,-14.75,93,100,3.96,overcast clouds
388,Belyy Yar,RU,53.6039,91.3903,-18.51,81,64,0.0,mist
389,Ojinaga,MX,29.5667,-104.4167,70.75,24,0,8.05,clear sky
390,Mantes-La-Ville,FR,48.9737,1.7025,39.81,80,13,5.08,few clouds
391,Viedma,AR,-40.8135,-62.9967,75.04,21,46,2.35,scattered clouds
392,Macherla,IN,16.4833,79.4333,66.0,83,7,3.13,clear sky
393,Ossora,RU,59.2353,163.0719,19.89,94,100,16.26,snow
394,Bulalacao,PH,12.3254,121.3435,78.35,78,94,19.6,overcast clouds
395,Sri Aman,MY,1.2376,111.4621,73.67,99,99,1.16,overcast clouds
396,Russell,US,32.3502,-85.1999,62.2,41,0,0.0,clear sky
397,Darnah,LY,32.767,22.6367,53.98,77,37,14.94,scattered clouds
398,Kieta,PG,-6.2167,155.6333,81.43,80,100,4.65,moderate rain
399,Champerico,GT,14.3,-91.9167,84.74,64,6,9.69,clear sky
400,San Patricio,US,28.017,-97.5169,71.69,84,97,6.24,overcast clouds
401,Narsaq,GL,60.9167,-46.05,26.82,92,100,5.23,light snow
402,Sola,VU,-13.8833,167.55,79.9,83,100,19.46,overcast clouds
403,Nantucket,US,41.2835,-70.0995,25.14,64,0,5.75,clear sky
404,Huanren,CN,41.2647,125.3667,13.89,95,94,3.94,overcast clouds
405,Meulaboh,ID,4.1363,96.1285,76.33,87,32,2.37,scattered clouds
406,Gondanglegi,ID,-7.7479,112.0132,74.46,90,100,1.36,overcast clouds
407,Jardim,BR,-21.4803,-56.1381,81.81,46,19,6.04,few clouds
408,Pacific Grove,US,36.6177,-121.9166,60.76,82,20,1.01,few clouds
409,Oranjestad,AW,12.524,-70.027,78.82,76,5,17.36,clear sky
410,Minudasht,IR,37.2289,55.3747,47.77,44,70,10.94,broken clouds
411,Parabel,RU,58.6978,81.4825,6.69,94,92,8.41,overcast clouds
412,San Miguel,SV,13.4833,-88.1833,87.03,39,5,7.87,clear sky
413,Kutulik,RU,53.3508,102.7839,-18.22,100,84,1.54,broken clouds
414,Boundiali,CI,9.5217,-6.4869,76.08,15,43,4.36,scattered clouds
415,Kruisfontein,ZA,-34.0033,24.7314,70.88,95,100,4.59,overcast clouds
416,Wakkanai,JP,45.4094,141.6739,26.78,60,100,17.65,overcast clouds
417,Benghazi,LY,32.1167,20.0667,57.18,69,28,18.61,scattered clouds
418,Tres Lagoas,BR,-20.7511,-51.6783,72.05,92,100,6.62,light rain
419,Laguna,US,38.421,-121.4238,65.28,53,0,1.99,clear sky
420,Salina,US,38.8403,-97.6114,65.3,17,0,14.97,clear sky
421,Dulce Grande,MX,23.0,-102.1667,70.14,11,30,25.01,scattered clouds
422,Corn Island,NI,12.1694,-83.0418,77.92,71,83,23.42,broken clouds
423,Meadow Lake,US,34.8014,-106.5436,57.97,16,9,3.2,clear sky
424,Mackenzie,CA,55.2999,-123.1698,11.89,85,94,1.16,overcast clouds
425,Ugoofaaru,MV,5.6667,73.0,82.06,75,4,13.85,clear sky
426,Hasaki,JP,35.7333,140.8333,30.6,43,74,6.22,broken clouds
427,Tigil,RU,57.8,158.6667,12.04,85,4,7.87,clear sky
428,Luderitz,NA,-26.6481,15.1594,65.84,86,8,4.9,clear sky
429,Vila,PT,42.0304,-8.1588,41.88,72,5,6.33,clear sky
430,Aguai,BR,-22.0594,-46.9786,71.87,98,100,4.09,overcast clouds
431,Dunedin,NZ,-45.8742,170.5036,66.79,78,76,15.01,broken clouds
432,Cradock,ZA,-32.1642,25.6192,70.59,74,100,6.49,overcast clouds
433,Ishigaki,JP,24.3448,124.1572,66.42,64,99,16.13,overcast clouds
434,Nangan,PH,6.4726,126.1244,79.34,80,100,7.14,overcast clouds
435,Karasjok,NO,69.4719,25.5112,6.91,100,57,2.57,broken clouds
436,Terney,RU,45.0503,136.6092,4.6,82,2,12.75,clear sky
437,Namatanai,PG,-3.6667,152.4333,81.09,79,96,3.4,light rain
438,Skibbereen,IE,51.55,-9.2667,48.0,84,78,20.74,broken clouds
439,Pasighat,IN,28.0667,95.3333,55.98,79,98,1.41,overcast clouds
440,Katherine,AU,-14.4667,132.2667,79.12,89,75,5.75,broken clouds
441,Norman Wells,CA,65.282,-126.8329,3.25,93,100,13.42,light snow
442,Aleksandrovsk-Sakhalinskiy,RU,50.8975,142.1561,7.38,96,100,9.93,snow
443,Calamar,CO,10.2511,-74.9146,80.55,56,55,13.42,broken clouds
444,Honningsvag,NO,70.9821,25.9704,29.7,74,100,13.22,overcast clouds
445,Maniitsoq,GL,65.4167,-52.9,10.58,78,100,14.23,overcast clouds
446,Mbanza-Ngungu,CD,-5.25,14.8667,68.31,92,94,2.73,overcast clouds
447,Saldanha,ZA,-33.0117,17.9442,70.77,70,16,5.75,few clouds
448,Chimbote,PE,-9.0853,-78.5783,72.97,78,54,10.2,broken clouds
449,Sioux Lookout,CA,50.1001,-91.917,23.31,90,100,8.81,overcast clouds
450,Nuuk,GL,64.1835,-51.7216,18.21,93,75,14.97,light shower snow
451,Guane,CU,22.2025,-84.0875,65.95,55,0,5.77,clear sky
452,Talhar,PK,24.8833,68.8167,66.11,67,0,5.26,clear sky
453,Sumbe,AO,-11.2061,13.8437,75.97,82,96,3.27,overcast clouds
454,Kapchorwa,UG,1.3965,34.4509,61.92,68,100,0.96,overcast clouds
455,Kikwit,CD,-5.041,18.8162,71.24,93,100,1.5,overcast clouds
456,Prince Rupert,CA,54.3161,-130.3201,37.49,93,100,3.44,light rain
457,Sattahip,TH,12.6664,100.9007,78.98,73,20,8.05,few clouds
458,Rafai,CF,4.95,23.9167,71.67,30,91,2.73,overcast clouds
459,Sanghar,PK,26.0466,68.9481,59.07,39,0,5.91,clear sky
460,Olinda,BR,-8.0089,-34.8553,80.38,74,12,7.94,few clouds
461,Nome,US,64.5011,-165.4064,17.67,45,0,10.36,clear sky
462,Kimbe,PG,-5.5502,150.1429,80.44,84,100,2.35,moderate rain
463,Kulu,TR,39.0951,33.0799,16.75,98,24,1.72,few clouds
464,Toora-Khem,RU,52.4675,96.11,-25.17,100,93,1.03,overcast clouds
465,Kuruman,ZA,-27.4524,23.4325,63.99,91,100,14.58,overcast clouds
466,Rio Verde De Mato Grosso,BR,-18.9181,-54.8442,71.19,97,100,5.75,moderate rain
467,Ranong,TH,9.9658,98.6348,73.4,90,10,3.09,clear sky
468,Kasongo-Lunda,CD,-6.4667,16.8167,70.18,97,100,0.78,light rain
469,Chimala,TZ,-8.85,34.0167,64.81,97,99,1.5,light rain
470,Whitefish,US,48.4111,-114.3376,34.11,65,100,8.05,light snow
471,Nanortalik,GL,60.1432,-45.2371,26.82,80,100,20.71,light snow
472,San Roque,ES,36.2107,-5.3842,54.79,55,0,8.14,clear sky
473,Petropavlovsk-Kamchatskiy,RU,53.0452,158.6483,27.19,59,75,15.66,light snow
474,Ginda,IN,30.6945,78.4932,35.58,44,5,7.72,clear sky
475,Provost,CA,52.3501,-110.2683,2.73,88,100,22.28,overcast clouds
476,Vikhorevka,RU,56.1201,101.1636,-9.76,100,100,1.54,overcast clouds
477,Gadsden,US,34.0143,-86.0066,61.03,40,0,4.61,clear sky
478,Rio Gallegos,AR,-51.6226,-69.2181,51.85,54,75,36.82,broken clouds
479,Kibre Mengist,ET,5.8833,38.9833,54.37,39,100,2.82,overcast clouds
480,Diffa,NE,13.3154,12.6113,62.64,33,2,11.21,clear sky
481,Kuchl,AT,47.6265,13.1448,38.08,97,100,6.11,light snow
482,Omboue,GA,-1.5746,9.2618,78.08,86,98,5.88,overcast clouds
483,Ilo,PE,-17.6394,-71.3375,70.25,76,5,5.21,clear sky
484,Dudinka,RU,69.4058,86.1778,6.62,95,98,7.92,overcast clouds
485,Hell,NO,63.4455,10.9033,27.52,93,75,4.61,broken clouds
486,Fort Morgan,US,40.2503,-103.8,49.42,52,0,4.61,clear sky
487,Murovani Kurylivtsi,UA,48.7235,27.5189,27.99,95,100,4.12,overcast clouds
488,Turkistan,KZ,43.0,68.0,29.86,63,33,5.82,scattered clouds
489,Dengzhou,CN,37.8086,120.7508,28.65,60,98,15.14,overcast clouds
490,Hornepayne,CA,49.2138,-84.7705,20.62,89,100,11.27,overcast clouds
491,Nioaque,BR,-21.1353,-55.83,79.61,72,30,8.08,scattered clouds
492,Manggar,ID,-2.8833,108.2667,78.42,83,100,6.91,overcast clouds
493,Carbondale,US,37.7273,-89.2168,48.49,43,0,6.91,clear sky
494,Mayo,US,38.8876,-76.5119,34.14,62,0,5.01,clear sky
495,Carutapera,BR,-1.195,-46.02,76.55,91,99,5.57,overcast clouds
496,Palmerston North,NZ,-40.35,175.6167,79.05,63,90,3.0,overcast clouds
497,Tambopata,PE,-12.7333,-69.1833,76.89,83,75,9.22,thunderstorm with rain
498,Kamenka,RU,51.3223,42.7678,32.76,88,100,17.52,overcast clouds
499,Grand Gaube,MU,-20.0064,57.6608,80.38,70,44,8.01,scattered clouds
500,Amahai,ID,-3.3333,128.9167,80.67,77,99,8.55,overcast clouds
501,Bandarbeyla,SO,9.4942,50.8122,76.37,77,57,15.28,broken clouds
502,Inta,RU,66.0317,60.1659,4.08,96,100,6.46,overcast clouds
503,Saint-Francois,FR,46.4154,3.9054,35.42,85,0,5.75,clear sky
504,Mozhaysk,RU,55.5019,36.0272,21.6,97,100,3.67,overcast clouds
505,Warmbad,NA,-28.45,18.7333,76.69,68,19,7.94,few clouds
506,Atar,MR,20.5169,-13.0499,80.1,13,100,9.26,overcast clouds
507,Murwillumbah,AU,-28.3167,153.4,86.95,65,71,13.8,broken clouds
508,Polewali,ID,-3.4324,119.3435,76.14,74,94,3.31,overcast clouds
509,Esik,KZ,43.3552,77.4525,20.62,63,100,6.91,overcast clouds
510,Filingue,NE,14.3521,3.3168,66.61,12,0,10.18,clear sky
511,Miri,MY,4.4148,114.0089,75.67,92,36,4.14,scattered clouds
512,La Ronge,CA,55.1001,-105.2842,5.4,91,100,16.84,light snow
513,Ornskoldsvik,SE,63.2909,18.7153,13.15,92,100,9.22,overcast clouds
514,Ambon,ID,-3.6954,128.1814,82.54,74,40,9.22,scattered clouds
515,Daru,PG,-9.0763,143.2092,77.49,89,100,10.8,light rain
516,Marsa Matruh,EG,31.3525,27.2453,56.66,66,72,16.15,broken clouds
517,Hwange,ZW,-18.3693,26.5019,67.06,99,10,3.27,light rain
518,Lorengau,PG,-2.0226,147.2712,77.9,90,100,10.78,overcast clouds
519,Franklin,US,39.9667,-83.0166,36.23,55,20,3.44,few clouds
520,Khasan,RU,42.4308,130.6434,15.96,69,69,6.64,broken clouds
521,San Ignacio,BZ,17.1561,-89.0714,68.76,89,95,4.34,overcast clouds
522,San Pedro,PH,14.35,121.0167,79.11,75,47,12.5,scattered clouds
523,Saint Anthony,US,45.0205,-93.218,29.14,74,75,5.99,broken clouds
524,Saint-Georges,GD,12.0564,-61.7485,78.48,83,20,11.5,few clouds
525,Mayskiy,RU,47.6931,40.1025,33.21,90,99,12.28,overcast clouds
526,Voh,NC,-20.9667,164.7,84.24,63,100,4.85,overcast clouds
527,Katobu,ID,-4.9408,122.5276,76.41,87,96,5.14,overcast clouds
528,Inyonga,TZ,-6.7167,32.0667,63.91,98,100,2.59,light rain
529,Kamaishi,JP,39.2667,141.8833,20.35,54,4,3.31,clear sky
530,Torbat-E Jam,IR,35.244,60.6225,38.79,43,19,1.14,few clouds
531,Ganzhou,CN,28.8184,115.4327,39.9,97,100,3.31,overcast clouds
532,Tuatapere,NZ,-46.1333,167.6833,74.82,54,69,0.4,broken clouds
533,Marsh Harbour,BS,26.5412,-77.0636,64.83,52,0,9.22,clear sky
534,Ballina,AU,-28.8667,153.5667,82.78,85,30,2.71,scattered clouds
535,Atlantic City,US,39.3643,-74.4229,30.97,71,0,8.05,clear sky
536,Praya,CV,14.9215,-23.5087,70.34,88,0,13.8,clear sky
537,Pallasovka,RU,50.05,46.8833,33.03,99,100,14.81,overcast clouds
538,Jumla,NP,29.2747,82.1838,30.76,68,19,3.22,few clouds
539,Paraiso,CR,9.8383,-83.8656,72.46,70,73,3.85,broken clouds
540,Chandur Bazar,IN,21.2417,77.7456,64.24,24,5,5.48,clear sky
541,Pochutla,MX,15.7432,-96.4661,83.25,55,6,12.08,clear sky
542,Suluova,TR,40.8313,35.6479,26.46,100,75,2.3,mist
543,Qobustan,AZ,40.0824,49.412,37.51,59,3,10.47,clear sky
544,Ankpa,NG,7.3706,7.6253,71.44,16,65,3.85,broken clouds
545,Tomatlan,MX,19.9333,-105.25,88.74,24,0,13.58,clear sky
546,Nago,JP,26.5881,127.9761,60.87,65,58,6.62,broken clouds
547,Gander,CA,48.9682,-54.5906,26.17,63,87,10.0,overcast clouds
548,Channel-Port Aux Basques,CA,47.5702,-59.1367,22.89,67,100,22.35,overcast clouds
549,Thunder Bay,CA,48.4001,-89.3168,27.0,81,100,1.99,overcast clouds
550,Lang Son,VN,21.8333,106.7333,46.35,90,100,4.99,overcast clouds
551,Son La,VN,21.3167,103.9,49.86,91,100,3.56,overcast clouds
552,Trincomalee,LK,8.5711,81.2335,79.3,67,25,9.98,scattered clouds
553,Punakha,BT,27.5837,89.8598,42.8,96,99,0.65,overcast clouds
554,Bathsheba,BB,13.2167,-59.5167,79.41,78,40,11.5,scattered clouds
555,Kosh-Agach,RU,50.0,88.6667,-13.97,89,100,1.32,overcast clouds
556,Starkville,US,33.4504,-88.8184,62.26,59,7,5.41,clear sky
557,Singaparna,ID,-7.3515,108.111,71.73,94,98,1.95,overcast clouds
558,Fuerte Olimpo,PY,-21.0415,-57.8738,86.45,40,71,1.79,broken clouds
559,Ashikaga,JP,36.3333,139.45,39.58,45,0,5.55,clear sky
560,Weligama,LK,5.9667,80.4167,72.75,90,7,6.33,clear sky
561,Yakeshi,CN,49.2833,120.7333,-25.64,100,100,3.33,overcast clouds
562,Ponta Do Sol,PT,32.6667,-17.1,66.13,26,35,11.83,scattered clouds
563,Strelka,RU,58.0728,93.0344,-12.08,100,67,3.2,broken clouds
564,Owando,CG,-0.4819,15.8999,74.01,35,54,2.33,broken clouds
565,Iskateley,RU,67.6803,53.1512,8.98,96,100,6.67,overcast clouds
566,Rabo De Peixe,PT,37.8,-25.5833,59.27,95,75,8.05,broken clouds
567,Pachino,IT,36.7186,15.0907,55.44,77,7,34.0,clear sky
568,Udachnyy,RU,66.4167,112.4,-35.48,100,85,3.36,overcast clouds
569,Dwarka,IN,22.2394,68.9678,71.02,83,0,7.85,clear sky
570,Hovd,MN,48.0056,91.6419,-13.85,80,19,1.86,few clouds
571,Pailon,BO,-17.65,-62.75,85.1,69,70,3.47,moderate rain
572,Santa Maria,BR,-29.6842,-53.8069,83.79,30,19,5.37,few clouds
573,Lincoln,US,40.8,-96.667,60.17,23,0,4.0,clear sky
574,Onda,ES,39.9667,-0.25,56.28,49,0,7.7,clear sky
575,Moree,AU,-29.4667,149.85,87.82,48,100,9.22,overcast clouds
576,Encheng,CN,22.1839,112.3026,50.95,90,99,7.4,light rain
577,Chapais,CA,49.7834,-74.8492,-14.64,97,96,2.71,overcast clouds
578,Imbituba,BR,-28.24,-48.6703,76.89,93,38,3.47,scattered clouds
579,Yashkino,RU,55.8736,85.4265,13.15,96,100,5.79,overcast clouds
580,Trairi,BR,-3.2778,-39.2689,79.47,78,29,10.87,scattered clouds
581,Bartica,GY,6.4,-58.6167,79.12,98,97,2.86,overcast clouds
582,Gazojak,TM,41.1875,61.4036,34.75,69,1,10.25,clear sky
583,Athabasca,CA,54.7169,-113.2854,0.09,86,100,12.37,overcast clouds
584,Shepsi,RU,44.0361,39.1489,42.28,81,86,9.48,overcast clouds
585,Antalaha,MG,-14.9003,50.2788,75.74,86,95,6.62,overcast clouds
586,Zdvinsk,RU,54.7021,78.661,8.31,98,93,8.81,overcast clouds
587,Davila,PH,18.4726,120.5763,73.44,81,9,12.44,clear sky
588,Belmonte,BR,-15.8631,-38.8828,81.1,82,33,9.86,scattered clouds
589,Berlevag,NO,70.8578,29.0864,23.31,80,95,9.01,overcast clouds
590,Constitucion,CL,-35.3333,-72.4167,64.53,63,0,12.62,clear sky
591,Progreso,MX,21.2833,-89.6667,80.71,68,15,19.8,few clouds
592,Oussouye,SN,12.485,-16.5469,72.57,78,99,10.16,overcast clouds
593,Lyamino,RU,58.2839,57.725,7.36,98,99,3.22,overcast clouds
594,Salta,AR,-24.7859,-65.4117,64.69,76,98,5.99,overcast clouds
595,Inongo,CD,-1.95,18.2667,76.96,57,60,4.9,broken clouds
596,Hobyo,SO,5.3505,48.5268,77.54,81,58,13.29,broken clouds
597,Macamic,CA,48.7502,-78.9996,-2.33,95,38,4.76,scattered clouds
598,Manzanillo,CU,20.3433,-77.1167,73.89,64,97,16.24,overcast clouds
599,Porto Empedocle,IT,37.2934,13.5264,51.89,80,85,25.17,overcast clouds
600,Pastavy,BY,55.1168,26.8326,23.4,93,100,11.03,overcast clouds
601,Sinjar,IQ,36.3209,41.8754,41.83,65,98,4.7,overcast clouds
602,Kardailovo,RU,51.5386,53.9042,19.36,95,99,7.27,overcast clouds
603,Bhimunipatnam,IN,17.8833,83.4333,68.11,80,16,4.34,few clouds
604,Hopfgarten,DE,50.9833,11.2667,36.45,84,100,9.75,light snow
605,Shar,KZ,49.5886,81.0453,-3.95,91,52,6.29,broken clouds
606,Otavi,NA,-19.65,17.3333,65.59,84,100,13.73,overcast clouds
607,Kirakira,SB,-10.4544,161.9205,83.64,76,92,3.94,overcast clouds
608,Oistins,BB,13.0667,-59.5333,78.89,78,40,11.5,scattered clouds
609,Erenhot,CN,43.6475,111.9767,-1.75,86,5,6.67,clear sky
610,Tezu,IN,27.9167,96.1667,53.47,90,100,2.98,overcast clouds
611,Vila Do Maio,CV,15.1333,-23.2167,70.59,77,100,15.14,overcast clouds
612,Novokuznetsk,RU,53.7557,87.1099,7.2,84,100,2.39,overcast clouds
613,Cabra,ES,37.4725,-4.4421,49.89,50,0,1.88,clear sky
614,Envira,BR,-7.3,-70.2167,78.42,69,52,2.86,broken clouds
615,Terrace Bay,CA,48.7834,-87.1,28.08,79,100,21.34,overcast clouds
616,Makat,KZ,47.6469,53.3463,30.11,90,100,10.56,overcast clouds
617,Sao Gabriel Da Cachoeira,BR,-0.1303,-67.0892,80.04,73,97,0.98,overcast clouds
618,George,ZA,-33.963,22.4617,67.55,94,100,2.3,overcast clouds
619,Cilegon,ID,-6.0174,106.0538,78.69,81,100,3.44,overcast clouds
620,Pinotepa Nacional,MX,16.3167,-98.0167,83.61,48,0,10.27,clear sky
621,Brae,GB,60.3964,-1.353,40.91,97,100,18.95,overcast clouds
622,Grand-Lahou,CI,5.1367,-5.0242,79.43,86,94,7.23,overcast clouds
623,Homer,US,59.6425,-151.5483,28.04,73,0,0.0,clear sky
624,Dutse,NG,11.7594,9.3392,60.57,23,41,8.46,scattered clouds
625,Caconda,AO,-13.7333,15.0667,58.68,83,97,5.77,overcast clouds
626,Fairbanks,US,64.8378,-147.7164,-2.07,72,0,0.0,clear sky
627,Dezful,IR,32.3811,48.4058,51.35,72,100,8.75,overcast clouds
628,Thanh Hoa,VN,19.8,105.7667,54.1,76,100,5.82,overcast clouds
629,Mehran,IR,33.1222,46.1646,50.68,69,100,6.6,overcast clouds
630,Rorvik,NO,64.8621,11.2373,28.71,80,100,25.88,light snow
631,Japura,ID,-0.3167,102.35,72.57,96,66,1.3,broken clouds
632,Auki,SB,-8.7676,160.7034,83.19,74,99,2.8,overcast clouds
633,Kitgum,UG,3.2783,32.8867,75.88,56,100,7.7,overcast clouds
634,Selikhino,RU,50.3672,137.4996,-4.34,98,100,4.94,overcast clouds
635,Casper,US,42.8666,-106.3131,41.5,24,40,33.38,scattered clouds
636,Ahipara,NZ,-35.1667,173.1667,69.26,89,100,14.72,overcast clouds
637,Challapata,BO,-18.9,-66.7667,45.7,81,81,10.38,broken clouds
638,Tessalit,ML,20.1986,1.0114,65.84,12,59,9.78,broken clouds
639,Cascais,PT,38.6979,-9.4215,54.46,68,0,7.0,clear sky
640,Gimbi,ET,9.1667,35.8333,60.06,39,94,2.73,overcast clouds
641,Kheri,IN,27.9,80.8,51.24,77,0,5.84,clear sky
642,Mikuni,JP,36.2171,136.1519,35.33,81,63,6.98,light snow
643,Mons,BE,50.4538,3.9516,39.38,71,20,5.75,few clouds
644,Kemijarvi,FI,66.7131,27.4306,-5.31,100,66,2.48,broken clouds
645,Siocon,PH,7.7061,122.1353,77.81,81,95,4.45,overcast clouds
646,Grand-Bourg,GP,15.8835,-61.3148,77.09,75,2,11.12,clear sky
647,Wilkie,CA,52.4168,-108.7014,2.89,86,100,25.03,overcast clouds
648,Ponta Delgada,PT,37.7333,-25.6667,60.49,72,75,8.05,broken clouds
649,Weyburn,CA,49.6668,-103.8511,27.18,85,100,24.05,overcast clouds
650,Morwell,AU,-38.2333,146.4,80.91,63,14,7.76,few clouds
651,Lima,PE,-12.0432,-77.0282,75.9,69,0,4.0,clear sky
652,Visnes,NO,59.3556,5.2242,37.45,65,20,5.75,light rain
653,Bonfim,BR,3.0833,-59.95,85.8,48,87,9.51,overcast clouds
654,Anapskaya,RU,44.89,37.38,34.03,93,75,4.47,light snow
655,Liuli,TZ,-11.0833,34.6333,74.41,82,41,3.87,light rain
656,Saint-Louis,SN,16.3333,-15.0,85.3,10,100,10.07,overcast clouds
657,Cap-Aux-Meules,CA,47.3821,-61.8597,20.89,69,99,24.7,overcast clouds
658,Magnitka,RU,55.3475,59.6961,14.99,97,99,3.06,overcast clouds
659,Springville,US,40.1652,-111.6107,46.42,45,0,20.71,clear sky
660,Isangel,VU,-19.55,169.2667,78.28,89,100,7.61,light rain
661,Sao Jose Da Coroa Grande,BR,-8.8978,-35.1478,79.7,76,9,8.3,clear sky
662,Pitimbu,BR,-7.4706,-34.8086,80.64,75,20,8.84,few clouds
663,Skjervoy,NO,70.0311,20.9714,31.06,54,100,11.54,overcast clouds
664,De Aar,ZA,-30.6497,24.0123,65.86,85,100,9.98,overcast clouds
665,Massakory,TD,12.996,15.7293,64.11,14,1,15.39,clear sky
666,Libertador General San Martin,AR,-23.8064,-64.7876,80.98,71,96,3.6,overcast clouds
667,Evensk,RU,61.95,159.2333,20.84,65,100,26.26,overcast clouds
668,Sinaloa,MX,25.0,-107.5,80.11,30,29,5.99,scattered clouds
669,Taksimo,RU,56.3444,114.8794,-21.12,93,62,1.81,broken clouds
670,Mahuva,IN,21.0914,71.7622,67.23,57,0,9.26,clear sky
671,Nakamura,JP,32.9833,132.9333,37.02,77,21,3.74,few clouds
672,Beringovskiy,RU,63.05,179.3167,0.59,87,92,17.11,overcast clouds
673,Comodoro Rivadavia,AR,-45.8667,-67.5,75.06,23,39,25.32,scattered clouds
674,Shubarshi,KZ,48.5872,57.1869,18.95,93,100,8.37,overcast clouds
675,Nokha,IN,27.6,73.4167,64.02,44,0,8.52,clear sky
676,Mareeba,AU,-17.0,145.4333,83.48,87,86,6.26,overcast clouds
677,Tacuarembo,UY,-31.7333,-55.9833,73.74,50,0,12.44,clear sky
678,Abilene,US,32.4487,-99.7331,70.29,41,0,4.0,clear sky
679,Aykhal,RU,66.0,111.5,-27.27,100,92,5.03,overcast clouds
680,Luanda,AO,-8.8368,13.2343,78.8,78,40,10.36,scattered clouds
681,Skjold,DK,55.7971,9.9397,35.55,87,99,16.46,light snow
682,Paracuru,BR,-3.41,-39.0306,82.42,76,43,11.77,scattered clouds
683,Dargaville,NZ,-35.9333,173.8833,75.4,64,100,14.47,overcast clouds
684,Innisfail,AU,-17.5333,146.0333,82.6,70,69,1.39,broken clouds
685,Praia Da Vitoria,PT,38.7333,-27.0667,59.76,81,62,17.96,broken clouds
686,Alice Springs,AU,-23.7,133.8833,76.55,83,100,14.97,overcast clouds
687,Eugene,US,44.0521,-123.0867,47.39,87,75,1.99,broken clouds
688,Marienburg,PL,54.0359,19.0266,30.11,71,63,9.82,broken clouds
689,Phangnga,TH,8.4509,98.5298,78.84,94,36,3.51,scattered clouds
690,Batagay-Alyta,RU,67.8006,130.4114,-19.55,99,99,3.71,overcast clouds
